{
    "loss": 0.07339576631784439,
    "accuracy": 0.9766536951065063,
    "total_parameters": 2259265
}